{
"lengthUnit": "mil",
"components": {
	"fields": ["COMPONENT_NO", "COMPONENT_NAME", "LAYER", "X_COORDINATE", "Y_COORDINATE", "ANGLE"],
	"rows": [
		[1, "C27", "B", 215, -343.83, 90],
		[2, "C28", "T", 1095.51, -619.87, 270],
		[3, "C30", "T", 895.15, -694.85, 270],
		[4, "C31", "T", 1002.83, -889.5, 0],
		[5, "C43", "T", 719.69, -368.04, 0],
		[6, "C44", "T", 899.58, -559.23, 90],
		[7, "C45", "T", 965.7, -559.23, 90],
		[8, "C46", "T", 765, -978.78, 180],
		[9, "C47", "T", 839.14, -900.87, 180],
		[10, "C48", "T", 390, -420, 90],
		[11, "C49", "T", 270, -850, 270],
		[12, "C50", "T", 520, -285.74, 0],
		[13, "C51", "B", 511.94, -895, 270],
		[14, "CN2", "T", 140, -638.74, 270],
		[15, "CN3", "T", 197.48, -110, 180],
		[16, "LED", "T", 1092.92, -316.34, 270],
		[17, "R8", "T", 550, -371.99, 180],
		[18, "R9", "T", 1031.54, -619.56, 90],
		[19, "R10", "B", 595, -330, 270],
		[20, "R11", "T", 1092.83, -434.02, 90],
		[21, "R12", "B", 605, -190, 270],
		[22, "R13", "T", 630, -994.61, 0],
		[23, "RST", "T", 1190, -619.56, 90],
		[24, "SCREW1", "T", 1062.99, -157.48, 0],
		[25, "SCREW2", "T", 1062.99, -1023.62, 0],
		[26, "U7", "B", 400, -330, 90],
		[27, "U31", "T", 591.33, -674.54, 90],
		[28, "U32", "T", 817.43, -210, 270],
		[29, "U33", "T", 537.96, -115, 90],
		[30, "U34", "B", 724.16, -915, 90],
		[31, "U35", "T", 340, -1030, 180],
		[32, "U36", "T", 135, -345, 90],
		[33, "U37", "T", 135, -935.9, 90],
		[34, "X1", "T", 998.03, -764.46, 90],
		[35, "PAD1", "T", 585.36, -1059.53, 0],
		[36, "PAD1", "B", 585.36, -1059.53, 0],
		[37, "PAD2", "T", 664.1, -1059.53, 0],
		[38, "PAD2", "B", 664.1, -1059.53, 0],
		[39, "PAD3", "T", 742.84, -1059.53, 0],
		[40, "PAD3", "B", 742.84, -1059.53, 0],
		[41, "PAD4", "T", 821.58, -1059.53, 0],
		[42, "PAD4", "B", 821.58, -1059.53, 0],
		[43, "PAD5", "T", 900.32, -1059.53, 0],
		[44, "PAD5", "B", 900.32, -1059.53, 0],
		[45, "PAD6", "T", 506.62, -1059.53, 0],
		[46, "PAD6", "B", 506.62, -1059.53, 0],
		[47, "PAD7", "T", 857.75, -56.38, 0],
		[48, "PAD7", "B", 857.75, -56.38, 0],
		[49, "PAD8", "T", 779.01, -56.38, 0],
		[50, "PAD8", "B", 779.01, -56.38, 0],
		[51, "PAD9", "T", 700.27, -56.38, 0],
		[52, "PAD9", "B", 700.27, -56.38, 0],
		[53, "PAD10", "T", 936.49, -56.38, 0],
		[54, "PAD10", "B", 936.49, -56.38, 0],
		[55, "PAD11", "T", 1015.23, -56.38, 0],
		[56, "PAD11", "B", 1015.23, -56.38, 0],
		[57, "PAD12", "T", 1093.97, -56.38, 0],
		[58, "PAD12", "B", 1093.97, -56.38, 0],
		[59, "PAD13", "T", 1194.49, -308.62, 0],
		[60, "PAD13", "B", 1194.49, -308.62, 0],
		[61, "PAD14", "T", 1194.49, -387.36, 0],
		[62, "PAD14", "B", 1194.49, -387.36, 0],
		[63, "PAD15", "T", 1194.49, -466.1, 0],
		[64, "PAD15", "B", 1194.49, -466.1, 0],
		[65, "PAD16", "T", 1194.49, -229.88, 0],
		[66, "PAD16", "B", 1194.49, -229.88, 0],
		[67, "PAD17", "T", 1194.49, -151.14, 0],
		[68, "PAD17", "B", 1194.49, -151.14, 0],
		[69, "PAD18", "T", 1194.49, -72.4, 0],
		[70, "PAD18", "B", 1194.49, -72.4, 0],
		[71, "PAD19", "T", 1192.25, -867.75, 0],
		[72, "PAD19", "B", 1192.25, -867.75, 0],
		[73, "PAD20", "T", 1192.25, -962.25, 0],
		[74, "PAD20", "B", 1192.25, -962.25, 0]
	]
},
"pins": {
	"fields": ["PIN_NO", "PIN_NAME", "PIN_X", "PIN_Y", "LAYER", "PIN_TYPE", "NET_NAME", "NET_TYPE", "PAD_SHAPE", "PAD_SIZEX", "PAD_SIZEY", "HOLE_SIZE", "PAD_ANGLE"],
	"rows": [
		[1, "C27_1", 215, -371.39, "B", "SMD", "GND", "GND", "R", 31.5, 35.43, 0, 90],
		[2, "C27_2", 215, -316.27, "B", "SMD", "+5V", "", "R", 31.5, 35.43, 0, 90],
		[3, "C28_1", 1095.51, -592.31, "T", "SMD", "GND", "GND", "R", 31.5, 35.43, 0, 270],
		[4, "C28_2", 1095.51, -647.43, "T", "SMD", "RESET", "", "R", 31.5, 35.43, 0, 270],
		[5, "C30_1", 895.15, -667.29, "T", "SMD", "GND", "GND", "R", 31.5, 35.43, 0, 270],
		[6, "C30_2", 895.15, -722.41, "T", "SMD", "OCS_OUT", "", "R", 31.5, 35.43, 0, 270],
		[7, "C31_1", 975.27, -889.5, "T", "SMD", "GND", "GND", "R", 31.5, 35.43, 0, 0],
		[8, "C31_2", 1030.39, -889.5, "T", "SMD", "OCS_IN", "", "R", 31.5, 35.43, 0, 0],
		[9, "C43_1", 692.13, -368.04, "T", "SMD", "3V3", "", "R", 31.5, 35.43, 0, 0],
		[10, "C43_2", 747.25, -368.04, "T", "SMD", "GND", "GND", "R", 31.5, 35.43, 0, 0],
		[11, "C44_1", 899.58, -586.79, "T", "SMD", "3V3", "", "R", 31.5, 35.43, 0, 90],
		[12, "C44_2", 899.58, -531.67, "T", "SMD", "GND", "GND", "R", 31.5, 35.43, 0, 90],
		[13, "C45_1", 965.7, -586.79, "T", "SMD", "3V3", "", "R", 31.5, 35.43, 0, 90],
		[14, "C45_2", 965.7, -531.67, "T", "SMD", "GND", "GND", "R", 31.5, 35.43, 0, 90],
		[15, "C46_1", 792.56, -978.78, "T", "SMD", "GND", "GND", "R", 31.5, 35.43, 0, 180],
		[16, "C46_2", 737.44, -978.78, "T", "SMD", "3V3", "", "R", 31.5, 35.43, 0, 180],
		[17, "C47_1", 866.7, -900.87, "T", "SMD", "GND", "GND", "R", 31.5, 35.43, 0, 180],
		[18, "C47_2", 811.58, -900.87, "T", "SMD", "3V3", "", "R", 31.5, 35.43, 0, 180],
		[19, "C48_1", 390, -447.56, "T", "SMD", "3V3", "", "R", 31.5, 35.43, 0, 90],
		[20, "C48_2", 390, -392.44, "T", "SMD", "GND", "GND", "R", 31.5, 35.43, 0, 90],
		[21, "C49_1", 270, -822.44, "T", "SMD", "3V3", "", "R", 31.5, 35.43, 0, 270],
		[22, "C49_2", 270, -877.56, "T", "SMD", "GND", "GND", "R", 31.5, 35.43, 0, 270],
		[23, "C50_1", 492.44, -285.74, "T", "SMD", "GND", "GND", "R", 31.5, 35.43, 0, 0],
		[24, "C50_2", 547.56, -285.74, "T", "SMD", "VM", "", "R", 31.5, 35.43, 0, 0],
		[25, "C51_1", 511.94, -867.44, "B", "SMD", "GND", "GND", "R", 31.5, 35.43, 0, 270],
		[26, "C51_2", 511.94, -922.56, "B", "SMD", "VM", "", "R", 31.5, 35.43, 0, 270],
		[27, "CN2_1", 205.94, -614.14, "T", "SMD", "CAN_L", "", "R", 23.62, 66.93, 0, 90],
		[28, "CN2_2", 205.94, -663.36, "T", "SMD", "CAN_H", "", "R", 23.62, 66.93, 0, 90],
		[29, "CN2_3", 74.06, -736.19, "T", "SMD", "CN2_3", "", "R", 39.37, 110.24, 0, 90],
		[30, "CN2_4", 74.05, -541.3, "T", "SMD", "CN2_4", "", "R", 39.37, 110.24, 0, 90],
		[31, "CN3_1", 295.91, -110, "T", "DIP", "VM", "", "C", 125.98, 125.98, 86.61, 270],
		[32, "CN3_1", 295.91, -110, "B", "DIP", "VM", "", "C", 125.98, 125.98, 86.61, 270],
		[33, "CN3_2", 99.06, -110, "T", "DIP", "GND", "GND", "C", 125.98, 125.98, 86.61, 270],
		[34, "CN3_2", 99.06, -110, "B", "DIP", "GND", "GND", "C", 125.98, 125.98, 86.61, 270],
		[35, "LED_1", 1092.52, -282.84, "T", "SMD", "GND", "GND", "R", 31.5, 31.5, 0, 0],
		[36, "LED_2", 1092.72, -345.84, "T", "SMD", "$1N3626", "", "R", 31.5, 31.5, 0, 0],
		[37, "R8_1", 579.66, -371.99, "T", "SMD", "GND", "GND", "R", 31.75, 34.02, 0, 180],
		[38, "R8_2", 520.34, -371.99, "T", "SMD", "BOOT1", "", "R", 31.75, 34.02, 0, 180],
		[39, "R9_1", 1031.54, -649.22, "T", "SMD", "RESET", "", "R", 31.75, 34.02, 0, 90],
		[40, "R9_2", 1031.54, -589.9, "T", "SMD", "3V3", "", "R", 31.75, 34.02, 0, 90],
		[41, "R10_1", 595, -300.34, "B", "SMD", "CAN_L", "", "R", 31.75, 34.02, 0, 270],
		[42, "R10_2", 595, -359.66, "B", "SMD", "CAN_H", "", "R", 31.75, 34.02, 0, 270],
		[43, "R11_1", 1092.83, -463.68, "T", "SMD", "PA2", "", "R", 31.75, 34.02, 0, 90],
		[44, "R11_2", 1092.83, -404.36, "T", "SMD", "$1N3626", "", "R", 31.75, 34.02, 0, 90],
		[45, "R12_1", 605, -160.34, "B", "SMD", "3V3", "", "R", 31.75, 34.02, 0, 270],
		[46, "R12_2", 605, -219.66, "B", "SMD", "$1N6206", "", "R", 31.75, 34.02, 0, 270],
		[47, "R13_1", 600.34, -994.61, "T", "SMD", "GND", "GND", "R", 31.75, 34.02, 0, 0],
		[48, "R13_2", 659.66, -994.61, "T", "SMD", "BOOT0", "", "R", 31.75, 34.02, 0, 0],
		[49, "RST_1", 1190, -705.58, "T", "SMD", "RESET", "", "R", 48.42, 53.54, 0, 90],
		[50, "RST_2", 1190, -533.54, "T", "SMD", "GND", "GND", "R", 48.42, 53.54, 0, 90],
		[51, "SCREW1_1", 1062.99, -157.48, "T", "DIP", "SCREW1_1", "", "C", 78.74, 78.74, 78.74, 0],
		[52, "SCREW1_1", 1062.99, -157.48, "B", "DIP", "SCREW1_1", "", "C", 78.74, 78.74, 78.74, 0],
		[53, "SCREW2_1", 1062.99, -1023.62, "T", "DIP", "SCREW2_1", "", "C", 78.74, 78.74, 78.74, 0],
		[54, "SCREW2_1", 1062.99, -1023.62, "B", "DIP", "SCREW2_1", "", "C", 78.74, 78.74, 78.74, 0],
		[55, "U7_1", 293.5, -405, "B", "SMD", "CAN_TX", "", "O", 22.38, 76.78, 0, 90],
		[56, "U7_2", 293.5, -355, "B", "SMD", "GND", "GND", "O", 22.38, 76.78, 0, 90],
		[57, "U7_3", 293.5, -305, "B", "SMD", "+5V", "", "O", 22.38, 76.78, 0, 90],
		[58, "U7_4", 293.5, -255, "B", "SMD", "CAN_RX", "", "O", 22.38, 76.78, 0, 90],
		[59, "U7_5", 506.5, -255, "B", "SMD", "$1N6206", "", "O", 22.38, 76.78, 0, 90],
		[60, "U7_6", 506.5, -305, "B", "SMD", "CAN_L", "", "O", 22.38, 76.78, 0, 90],
		[61, "U7_7", 506.5, -355, "B", "SMD", "CAN_H", "", "O", 22.38, 76.78, 0, 90],
		[62, "U7_8", 506.5, -405, "B", "SMD", "GND", "GND", "O", 22.38, 76.78, 0, 90],
		[63, "U31_1", 817.7, -822.18, "T", "SMD", "3V3", "", "O", 11.81, 78.74, 0, 90],
		[64, "U31_2", 817.7, -802.49, "T", "SMD", "PC13", "", "O", 11.81, 78.74, 0, 90],
		[65, "U31_3", 817.7, -782.81, "T", "SMD", "OCS32_IN", "", "O", 11.81, 78.74, 0, 90],
		[66, "U31_4", 817.7, -763.12, "T", "SMD", "OCS32_OUT", "", "O", 11.81, 78.74, 0, 90],
		[67, "U31_5", 817.7, -743.44, "T", "SMD", "OCS_IN", "", "O", 11.81, 78.74, 0, 90],
		[68, "U31_6", 817.7, -723.75, "T", "SMD", "OCS_OUT", "", "O", 11.81, 78.74, 0, 90],
		[69, "U31_7", 817.7, -704.07, "T", "SMD", "RESET", "", "O", 11.81, 78.74, 0, 90],
		[70, "U31_8", 817.7, -684.38, "T", "SMD", "PC0", "", "O", 11.81, 78.74, 0, 90],
		[71, "U31_9", 817.7, -664.7, "T", "SMD", "PC1", "", "O", 11.81, 78.74, 0, 90],
		[72, "U31_10", 817.7, -645.01, "T", "SMD", "PC2", "", "O", 11.81, 78.74, 0, 90],
		[73, "U31_11", 817.7, -625.33, "T", "SMD", "PC3", "", "O", 11.81, 78.74, 0, 90],
		[74, "U31_12", 817.7, -605.64, "T", "SMD", "GND", "GND", "O", 11.81, 78.74, 0, 90],
		[75, "U31_13", 817.7, -585.96, "T", "SMD", "3V3", "", "O", 11.81, 78.74, 0, 90],
		[76, "U31_14", 817.7, -566.27, "T", "SMD", "M2_IN1", "", "O", 11.81, 78.74, 0, 90],
		[77, "U31_15", 817.7, -546.59, "T", "SMD", "M2_IN2", "", "O", 11.81, 78.74, 0, 90],
		[78, "U31_16", 817.7, -526.9, "T", "SMD", "PA2", "", "O", 11.81, 78.74, 0, 90],
		[79, "U31_17", 738.97, -448.17, "T", "SMD", "PA3", "", "O", 78.74, 11.81, 0, 90],
		[80, "U31_18", 719.28, -448.17, "T", "SMD", "GND", "GND", "O", 78.74, 11.81, 0, 90],
		[81, "U31_19", 699.6, -448.17, "T", "SMD", "3V3", "", "O", 78.74, 11.81, 0, 90],
		[82, "U31_20", 679.91, -448.17, "T", "SMD", "PA4", "", "O", 78.74, 11.81, 0, 90],
		[83, "U31_21", 660.23, -448.17, "T", "SMD", "PA5", "", "O", 78.74, 11.81, 0, 90],
		[84, "U31_22", 640.54, -448.17, "T", "SMD", "ENCODER3_CC1", "", "O", 78.74, 11.81, 0, 90],
		[85, "U31_23", 620.86, -448.17, "T", "SMD", "ENCODER3_CC2", "", "O", 78.74, 11.81, 0, 90],
		[86, "U31_24", 601.17, -448.17, "T", "SMD", "PC4", "", "O", 78.74, 11.81, 0, 90],
		[87, "U31_25", 581.49, -448.17, "T", "SMD", "PC5", "", "O", 78.74, 11.81, 0, 90],
		[88, "U31_26", 561.8, -448.17, "T", "SMD", "PB0", "", "O", 78.74, 11.81, 0, 90],
		[89, "U31_27", 542.12, -448.17, "T", "SMD", "PB1", "", "O", 78.74, 11.81, 0, 90],
		[90, "U31_28", 522.43, -448.17, "T", "SMD", "BOOT1", "", "O", 78.74, 11.81, 0, 90],
		[91, "U31_29", 502.75, -448.17, "T", "SMD", "PB10", "", "O", 78.74, 11.81, 0, 90],
		[92, "U31_30", 483.06, -448.17, "T", "SMD", "PB11", "", "O", 78.74, 11.81, 0, 90],
		[93, "U31_31", 463.38, -448.17, "T", "SMD", "GND", "GND", "O", 78.74, 11.81, 0, 90],
		[94, "U31_32", 443.69, -448.17, "T", "SMD", "3V3", "", "O", 78.74, 11.81, 0, 90],
		[95, "U31_33", 364.96, -526.9, "T", "SMD", "PB12", "", "O", 11.81, 78.74, 0, 90],
		[96, "U31_34", 364.96, -546.59, "T", "SMD", "PB13", "", "O", 11.81, 78.74, 0, 90],
		[97, "U31_35", 364.96, -566.27, "T", "SMD", "PB14", "", "O", 11.81, 78.74, 0, 90],
		[98, "U31_36", 364.96, -585.96, "T", "SMD", "PB15", "", "O", 11.81, 78.74, 0, 90],
		[99, "U31_37", 364.96, -605.64, "T", "SMD", "M1_IN1", "", "O", 11.81, 78.74, 0, 90],
		[100, "U31_38", 364.96, -625.33, "T", "SMD", "M1_IN2", "", "O", 11.81, 78.74, 0, 90],
		[101, "U31_39", 364.96, -645.01, "T", "SMD", "PC8", "", "O", 11.81, 78.74, 0, 90],
		[102, "U31_40", 364.96, -664.7, "T", "SMD", "PC9", "", "O", 11.81, 78.74, 0, 90],
		[103, "U31_41", 364.96, -684.38, "T", "SMD", "ENCODER1_CC1", "", "O", 11.81, 78.74, 0, 90],
		[104, "U31_42", 364.96, -704.07, "T", "SMD", "ENCODER1_CC2", "", "O", 11.81, 78.74, 0, 90],
		[105, "U31_43", 364.96, -723.75, "T", "SMD", "PA10", "", "O", 11.81, 78.74, 0, 90],
		[106, "U31_44", 364.96, -743.44, "T", "SMD", "CAN_RX", "", "O", 11.81, 78.74, 0, 90],
		[107, "U31_45", 364.96, -763.12, "T", "SMD", "CAN_TX", "", "O", 11.81, 78.74, 0, 90],
		[108, "U31_46", 364.96, -782.81, "T", "SMD", "SWDIO", "", "O", 11.81, 78.74, 0, 90],
		[109, "U31_47", 364.96, -802.49, "T", "SMD", "GND", "GND", "O", 11.81, 78.74, 0, 90],
		[110, "U31_48", 364.96, -822.18, "T", "SMD", "3V3", "", "O", 11.81, 78.74, 0, 90],
		[111, "U31_49", 443.69, -900.91, "T", "SMD", "SWCLK", "", "O", 78.74, 11.81, 0, 90],
		[112, "U31_50", 463.38, -900.91, "T", "SMD", "ENCODER2_CC1", "", "O", 78.74, 11.81, 0, 90],
		[113, "U31_51", 483.06, -900.91, "T", "SMD", "PC10", "", "O", 78.74, 11.81, 0, 90],
		[114, "U31_52", 502.75, -900.91, "T", "SMD", "PC11", "", "O", 78.74, 11.81, 0, 90],
		[115, "U31_53", 522.43, -900.91, "T", "SMD", "PC12", "", "O", 78.74, 11.81, 0, 90],
		[116, "U31_54", 542.12, -900.91, "T", "SMD", "PD2", "", "O", 78.74, 11.81, 0, 90],
		[117, "U31_55", 561.8, -900.91, "T", "SMD", "ENCODER2_CC2", "", "O", 78.74, 11.81, 0, 90],
		[118, "U31_56", 581.49, -900.91, "T", "SMD", "PB4", "", "O", 78.74, 11.81, 0, 90],
		[119, "U31_57", 601.17, -900.91, "T", "SMD", "PB5", "", "O", 78.74, 11.81, 0, 90],
		[120, "U31_58", 620.86, -900.91, "T", "SMD", "M3_IN1", "", "O", 78.74, 11.81, 0, 90],
		[121, "U31_59", 640.54, -900.91, "T", "SMD", "M3_IN2", "", "O", 78.74, 11.81, 0, 90],
		[122, "U31_60", 660.23, -900.91, "T", "SMD", "BOOT0", "", "O", 78.74, 11.81, 0, 90],
		[123, "U31_61", 679.91, -900.91, "T", "SMD", "PB8", "", "O", 78.74, 11.81, 0, 90],
		[124, "U31_62", 699.6, -900.91, "T", "SMD", "PB9", "", "O", 78.74, 11.81, 0, 90],
		[125, "U31_63", 719.28, -900.91, "T", "SMD", "GND", "GND", "O", 78.74, 11.81, 0, 90],
		[126, "U31_64", 738.97, -900.91, "T", "SMD", "3V3", "", "O", 78.74, 11.81, 0, 90],
		[127, "U32_1", 708.9, -131.26, "T", "SMD", "M1_IN1", "", "O", 20.67, 79.27, 0, 270],
		[128, "U32_2", 708.9, -170.63, "T", "SMD", "M1_IN2", "", "O", 20.67, 79.27, 0, 270],
		[129, "U32_3", 708.9, -210, "T", "SMD", "VM", "", "O", 20.67, 79.27, 0, 270],
		[130, "U32_4", 708.9, -249.37, "T", "SMD", "M2_IN1", "", "O", 20.67, 79.27, 0, 270],
		[131, "U32_5", 708.9, -288.74, "T", "SMD", "M2_IN2", "", "O", 20.67, 79.27, 0, 270],
		[132, "U32_6", 925.96, -288.74, "T", "SMD", "M2_OUT2", "", "O", 20.67, 79.27, 0, 270],
		[133, "U32_7", 925.96, -249.37, "T", "SMD", "M2_OUT1", "", "O", 20.67, 79.27, 0, 270],
		[134, "U32_8", 925.96, -210, "T", "SMD", "GND", "GND", "O", 20.67, 79.27, 0, 270],
		[135, "U32_9", 925.96, -170.63, "T", "SMD", "M1_OUT2", "", "O", 20.67, 79.27, 0, 270],
		[136, "U32_10", 925.96, -131.26, "T", "SMD", "M1_OUT1", "", "O", 20.67, 79.27, 0, 270],
		[137, "U33_1", 537.96, -164.21, "T", "DIP", "VM", "", "C", 59.05, 59.05, 35.43, 90],
		[138, "U33_1", 537.96, -164.21, "B", "DIP", "VM", "", "C", 59.05, 59.05, 35.43, 90],
		[139, "U33_2", 537.96, -65.79, "T", "DIP", "GND", "GND", "C", 59.05, 59.05, 35.43, 90],
		[140, "U33_2", 537.96, -65.79, "B", "DIP", "GND", "GND", "C", 59.05, 59.05, 35.43, 90],
		[141, "U34_1", 615.63, -993.74, "B", "SMD", "M3_IN1", "", "O", 20.67, 79.27, 0, 90],
		[142, "U34_2", 615.63, -954.37, "B", "SMD", "M3_IN2", "", "O", 20.67, 79.27, 0, 90],
		[143, "U34_3", 615.63, -915, "B", "SMD", "VM", "", "O", 20.67, 79.27, 0, 90],
		[144, "U34_4", 615.63, -875.63, "B", "SMD", "U34_4", "", "O", 20.67, 79.27, 0, 90],
		[145, "U34_5", 615.63, -836.26, "B", "SMD", "U34_5", "", "O", 20.67, 79.27, 0, 90],
		[146, "U34_6", 832.69, -836.26, "B", "SMD", "U34_6", "", "O", 20.67, 79.27, 0, 90],
		[147, "U34_7", 832.69, -875.63, "B", "SMD", "U34_7", "", "O", 20.67, 79.27, 0, 90],
		[148, "U34_8", 832.69, -915, "B", "SMD", "GND", "GND", "O", 20.67, 79.27, 0, 90],
		[149, "U34_9", 832.69, -954.37, "B", "SMD", "M3_OUT2", "", "O", 20.67, 79.27, 0, 90],
		[150, "U34_10", 832.69, -993.74, "B", "SMD", "M3_OUT1", "", "O", 20.67, 79.27, 0, 90],
		[151, "U35_1", 389.21, -1030, "T", "DIP", "VM", "", "C", 59.05, 59.05, 35.43, 180],
		[152, "U35_1", 389.21, -1030, "B", "DIP", "VM", "", "C", 59.05, 59.05, 35.43, 180],
		[153, "U35_2", 290.79, -1030, "T", "DIP", "GND", "GND", "C", 59.05, 59.05, 35.43, 180],
		[154, "U35_2", 290.79, -1030, "B", "DIP", "GND", "GND", "C", 59.05, 59.05, 35.43, 180],
		[155, "U36_1", 135, -384.37, "T", "DIP", "+5V", "", "C", 59.05, 59.05, 31.5, 90],
		[156, "U36_1", 135, -384.37, "B", "DIP", "+5V", "", "C", 59.05, 59.05, 31.5, 90],
		[157, "U36_2", 135, -305.63, "T", "DIP", "GND", "GND", "C", 59.05, 59.05, 31.5, 90],
		[158, "U36_2", 135, -305.63, "B", "DIP", "GND", "GND", "C", 59.05, 59.05, 31.5, 90],
		[159, "U37_1", 135, -975.27, "T", "DIP", "3V3", "", "C", 59.05, 59.05, 31.5, 90],
		[160, "U37_1", 135, -975.27, "B", "DIP", "3V3", "", "C", 59.05, 59.05, 31.5, 90],
		[161, "U37_2", 135, -896.53, "T", "DIP", "GND", "GND", "C", 59.05, 59.05, 31.5, 90],
		[162, "U37_2", 135, -896.53, "B", "DIP", "GND", "GND", "C", 59.05, 59.05, 31.5, 90],
		[163, "X1_1", 1031.5, -807.77, "T", "SMD", "OCS_IN", "", "R", 55.12, 47.24, 0, 90],
		[164, "X1_2", 1031.5, -721.15, "T", "SMD", "GND", "GND", "R", 55.12, 47.24, 0, 90],
		[165, "X1_3", 964.57, -721.15, "T", "SMD", "OCS_OUT", "", "R", 55.12, 47.24, 0, 90],
		[166, "X1_4", 964.57, -807.77, "T", "SMD", "GND", "GND", "R", 55.12, 47.24, 0, 90],
		[167, "PAD1_1", 585.36, -1059.53, "T", "DIP", "3V3", "", "C", 47.24, 47.24, 31.5, 0],
		[168, "PAD1_1", 585.36, -1059.53, "B", "DIP", "3V3", "", "C", 47.24, 47.24, 31.5, 0],
		[169, "PAD2_1", 664.1, -1059.53, "T", "DIP", "ENCODER2_CC1", "", "C", 47.24, 47.24, 31.5, 0],
		[170, "PAD2_1", 664.1, -1059.53, "B", "DIP", "ENCODER2_CC1", "", "C", 47.24, 47.24, 31.5, 0],
		[171, "PAD3_1", 742.84, -1059.53, "T", "DIP", "ENCODER2_CC2", "", "C", 47.24, 47.24, 31.5, 0],
		[172, "PAD3_1", 742.84, -1059.53, "B", "DIP", "ENCODER2_CC2", "", "C", 47.24, 47.24, 31.5, 0],
		[173, "PAD4_1", 821.58, -1059.53, "T", "DIP", "GND", "GND", "C", 47.24, 47.24, 31.5, 0],
		[174, "PAD4_1", 821.58, -1059.53, "B", "DIP", "GND", "GND", "C", 47.24, 47.24, 31.5, 0],
		[175, "PAD5_1", 900.32, -1059.53, "T", "DIP", "M2_OUT2", "", "C", 47.24, 47.24, 31.5, 0],
		[176, "PAD5_1", 900.32, -1059.53, "B", "DIP", "M2_OUT2", "", "C", 47.24, 47.24, 31.5, 0],
		[177, "PAD6_1", 506.62, -1059.53, "T", "DIP", "M2_OUT1", "", "C", 47.24, 47.24, 31.5, 0],
		[178, "PAD6_1", 506.62, -1059.53, "B", "DIP", "M2_OUT1", "", "C", 47.24, 47.24, 31.5, 0],
		[179, "PAD7_1", 857.75, -56.38, "T", "DIP", "ENCODER3_CC2", "", "C", 47.24, 47.24, 31.5, 180],
		[180, "PAD7_1", 857.75, -56.38, "B", "DIP", "ENCODER3_CC2", "", "C", 47.24, 47.24, 31.5, 180],
		[181, "PAD8_1", 779.01, -56.38, "T", "DIP", "GND", "GND", "C", 47.24, 47.24, 31.5, 180],
		[182, "PAD8_1", 779.01, -56.38, "B", "DIP", "GND", "GND", "C", 47.24, 47.24, 31.5, 180],
		[183, "PAD9_1", 700.27, -56.38, "T", "DIP", "M3_OUT2", "", "C", 47.24, 47.24, 31.5, 180],
		[184, "PAD9_1", 700.27, -56.38, "B", "DIP", "M3_OUT2", "", "C", 47.24, 47.24, 31.5, 180],
		[185, "PAD10_1", 936.49, -56.38, "T", "DIP", "ENCODER3_CC1", "", "C", 47.24, 47.24, 31.5, 180],
		[186, "PAD10_1", 936.49, -56.38, "B", "DIP", "ENCODER3_CC1", "", "C", 47.24, 47.24, 31.5, 180],
		[187, "PAD11_1", 1015.23, -56.38, "T", "DIP", "3V3", "", "C", 47.24, 47.24, 31.5, 180],
		[188, "PAD11_1", 1015.23, -56.38, "B", "DIP", "3V3", "", "C", 47.24, 47.24, 31.5, 180],
		[189, "PAD12_1", 1093.97, -56.38, "T", "DIP", "M3_OUT1", "", "C", 47.24, 47.24, 31.5, 180],
		[190, "PAD12_1", 1093.97, -56.38, "B", "DIP", "M3_OUT1", "", "C", 47.24, 47.24, 31.5, 180],
		[191, "PAD13_1", 1194.49, -308.62, "T", "DIP", "ENCODER1_CC2", "", "C", 47.24, 47.24, 31.5, 270],
		[192, "PAD13_1", 1194.49, -308.62, "B", "DIP", "ENCODER1_CC2", "", "C", 47.24, 47.24, 31.5, 270],
		[193, "PAD14_1", 1194.49, -387.36, "T", "DIP", "GND", "GND", "C", 47.24, 47.24, 31.5, 90],
		[194, "PAD14_1", 1194.49, -387.36, "B", "DIP", "GND", "GND", "C", 47.24, 47.24, 31.5, 90],
		[195, "PAD15_1", 1194.49, -466.1, "T", "DIP", "M1_OUT2", "", "C", 47.24, 47.24, 31.5, 270],
		[196, "PAD15_1", 1194.49, -466.1, "B", "DIP", "M1_OUT2", "", "C", 47.24, 47.24, 31.5, 270],
		[197, "PAD16_1", 1194.49, -229.88, "T", "DIP", "ENCODER1_CC1", "", "C", 47.24, 47.24, 31.5, 0],
		[198, "PAD16_1", 1194.49, -229.88, "B", "DIP", "ENCODER1_CC1", "", "C", 47.24, 47.24, 31.5, 0],
		[199, "PAD17_1", 1194.49, -151.14, "T", "DIP", "3V3", "", "C", 47.24, 47.24, 31.5, 270],
		[200, "PAD17_1", 1194.49, -151.14, "B", "DIP", "3V3", "", "C", 47.24, 47.24, 31.5, 270],
		[201, "PAD18_1", 1194.49, -72.4, "T", "DIP", "M1_OUT1", "", "C", 47.24, 47.24, 31.5, 270],
		[202, "PAD18_1", 1194.49, -72.4, "B", "DIP", "M1_OUT1", "", "C", 47.24, 47.24, 31.5, 270],
		[203, "PAD19_1", 1192.25, -867.75, "T", "DIP", "SWDIO", "", "C", 66.93, 66.93, 43.31, 270],
		[204, "PAD19_1", 1192.25, -867.75, "B", "DIP", "SWDIO", "", "C", 66.93, 66.93, 43.31, 270],
		[205, "PAD20_2", 1192.25, -962.25, "T", "DIP", "SWCLK", "", "C", 66.93, 66.93, 43.31, 270],
		[206, "PAD20_2", 1192.25, -962.25, "B", "DIP", "SWCLK", "", "C", 66.93, 66.93, 43.31, 270]
	]
}
}