{
"lengthUnit": "mil",
"components": {
	"fields": ["COMPONENT_NO", "COMPONENT_NAME", "LAYER", "X_COORDINATE", "Y_COORDINATE", "ANGLE"],
	"rows": [
		[1, "C2", "T", 521.08, -572.97, 0],
		[2, "C3", "T", 427.57, -659.39, 270],
		[3, "C7", "T", 595, -870.27, 270],
		[4, "C9", "T", 194.66, -949.95, 180],
		[5, "C10", "T", 340.22, -1035, 0],
		[6, "C11", "T", 180, -345.16, 180],
		[7, "C12", "T", 373.55, -410, 90],
		[8, "C13", "T", 922.45, -380, 270],
		[9, "C14", "T", 821.89, -403, 90],
		[10, "D1", "T", 79.14, -799.99, 270],
		[11, "L1", "T", 190.75, -535, 180],
		[12, "R1", "T", 520.77, -645, 180],
		[13, "R2", "T", 520.34, -740.19, 270],
		[14, "R4", "T", 520.34, -869.97, 90],
		[15, "R5", "T", 434.35, -950.06, 0],
		[16, "R6", "T", 588.67, -740.19, 90],
		[17, "R7", "T", 315.91, -950.06, 180],
		[18, "SCREW1", "T", 708.66, -551.18, 0],
		[19, "SCREW2", "T", 708.66, -944.88, 0],
		[20, "U24", "T", 320, -804.46, 270],
		[21, "U25", "T", 578.67, -370, 270],
		[22, "U26", "T", 1125, -395.71, 270],
		[23, "U27", "T", 1125, -657.9, 270],
		[24, "U28", "T", 900.12, -657.9, 270],
		[25, "U29", "T", 900.12, -925.73, 270],
		[26, "U30", "T", 1125, -925.73, 270],
		[27, "U31", "T", 925, -145, 0],
		[28, "U32", "T", 405, -145, 0],
		[29, "U33", "T", 145, -145, 0],
		[30, "U34", "T", 1125, -145, 270],
		[31, "U35", "T", 665, -145, 0],
		[32, "PAD1", "T", 552.56, -1015, 0],
		[33, "PAD1", "B", 552.56, -1015, 0],
		[34, "PAD2", "T", 93.36, -1015, 0],
		[35, "PAD2", "B", 93.36, -1015, 0]
	]
},
"pins": {
	"fields": ["PIN_NO", "PIN_NAME", "PIN_X", "PIN_Y", "LAYER", "PIN_TYPE", "NET_NAME", "NET_TYPE", "PAD_SHAPE", "PAD_SIZEX", "PAD_SIZEY", "HOLE_SIZE", "PAD_ANGLE"],
	"rows": [
		[1, "C2_1", 493.52, -572.97, "T", "SMD", "+5V", "", "R", 31.5, 35.43, 0, 0],
		[2, "C2_2", 548.64, -572.97, "T", "SMD", "GND", "GND", "R", 31.5, 35.43, 0, 0],
		[3, "C3_1", 427.57, -631.83, "T", "SMD", "$1N5196", "", "R", 31.5, 35.43, 0, 270],
		[4, "C3_2", 427.57, -686.95, "T", "SMD", "$1N5200", "", "R", 31.5, 35.43, 0, 270],
		[5, "C7_1", 595, -842.71, "T", "SMD", "VM", "", "R", 31.5, 35.43, 0, 270],
		[6, "C7_2", 595, -897.83, "T", "SMD", "GND", "GND", "R", 31.5, 35.43, 0, 270],
		[7, "C9_1", 222.22, -949.95, "T", "SMD", "$1N5205", "", "R", 31.5, 35.43, 0, 180],
		[8, "C9_2", 167.1, -949.95, "T", "SMD", "$1N5206", "", "R", 31.5, 35.43, 0, 180],
		[9, "C10_1", 277.52, -1035, "T", "SMD", "GND", "GND", "R", 58.47, 68.03, 0, 0],
		[10, "C10_2", 402.92, -1035, "T", "SMD", "VM", "", "R", 58.47, 68.03, 0, 0],
		[11, "C11_1", 242.7, -345.16, "T", "SMD", "+5V", "", "R", 58.47, 68.03, 0, 180],
		[12, "C11_2", 117.3, -345.16, "T", "SMD", "GND", "GND", "R", 58.47, 68.03, 0, 180],
		[13, "C12_1", 373.55, -437.56, "T", "SMD", "+5V", "", "R", 31.5, 35.43, 0, 90],
		[14, "C12_2", 373.55, -382.44, "T", "SMD", "GND", "GND", "R", 31.5, 35.43, 0, 90],
		[15, "C13_1", 922.45, -352.44, "T", "SMD", "3V3", "", "R", 31.5, 35.43, 0, 270],
		[16, "C13_2", 922.45, -407.56, "T", "SMD", "GND", "GND", "R", 31.5, 35.43, 0, 270],
		[17, "C14_1", 821.89, -328.25, "T", "SMD", "3V3", "", "R", 74.8, 93.54, 0, 90],
		[18, "C14_2", 821.89, -477.75, "T", "SMD", "GND", "GND", "R", 74.8, 93.54, 0, 90],
		[19, "D1_1", 79.14, -713.38, "T", "SMD", "$1N5196", "", "R", 78.74, 78.74, 0, 90],
		[20, "D1_2", 79.14, -886.6, "T", "SMD", "GND", "GND", "R", 78.74, 78.74, 0, 90],
		[21, "L1_1", 311.93, -535, "T", "SMD", "+5V", "", "R", 99.37, 122.84, 0, 180],
		[22, "L1_2", 69.57, -535, "T", "SMD", "$1N5196", "", "R", 99.37, 122.84, 0, 180],
		[23, "R1_1", 550.43, -645, "T", "SMD", "$1N5208", "", "R", 31.75, 34.02, 0, 180],
		[24, "R1_2", 491.11, -645, "T", "SMD", "+5V", "", "R", 31.75, 34.02, 0, 180],
		[25, "R2_1", 520.34, -710.53, "T", "SMD", "$1N5202", "", "R", 31.75, 34.02, 0, 270],
		[26, "R2_2", 520.34, -769.85, "T", "SMD", "VM", "", "R", 31.75, 34.02, 0, 270],
		[27, "R4_1", 520.34, -899.63, "T", "SMD", "GND", "GND", "R", 31.75, 34.02, 0, 90],
		[28, "R4_2", 520.34, -840.31, "T", "SMD", "$1N5209", "", "R", 31.75, 34.02, 0, 90],
		[29, "R5_1", 404.69, -950.06, "T", "SMD", "GND", "GND", "R", 31.75, 34.02, 0, 0],
		[30, "R5_2", 464.01, -950.06, "T", "SMD", "$1N5208", "", "R", 31.75, 34.02, 0, 0],
		[31, "R6_1", 588.67, -769.85, "T", "SMD", "GND", "GND", "R", 31.75, 34.02, 0, 90],
		[32, "R6_2", 588.67, -710.53, "T", "SMD", "$1N5202", "", "R", 31.75, 34.02, 0, 90],
		[33, "R7_1", 345.57, -950.06, "T", "SMD", "GND", "GND", "R", 31.75, 34.02, 0, 180],
		[34, "R7_2", 286.25, -950.06, "T", "SMD", "$1N5205", "", "R", 31.75, 34.02, 0, 180],
		[35, "SCREW1_1", 708.66, -551.18, "T", "DIP", "SCREW1_1", "", "C", 78.74, 78.74, 78.74, 0],
		[36, "SCREW1_1", 708.66, -551.18, "B", "DIP", "SCREW1_1", "", "C", 78.74, 78.74, 78.74, 0],
		[37, "SCREW2_1", 708.66, -944.88, "T", "DIP", "SCREW2_1", "", "C", 78.74, 78.74, 78.74, 0],
		[38, "SCREW2_1", 708.66, -944.88, "B", "DIP", "SCREW2_1", "", "C", 78.74, 78.74, 78.74, 0],
		[39, "U24_1", 210.98, -729.46, "T", "SMD", "$1N5196", "", "O", 22.6, 80.24, 0, 270],
		[40, "U24_2", 210.98, -779.46, "T", "SMD", "$1N5202", "", "O", 22.6, 80.24, 0, 270],
		[41, "U24_3", 210.98, -829.46, "T", "SMD", "$1N5206", "", "O", 22.6, 80.24, 0, 270],
		[42, "U24_4", 210.98, -879.46, "T", "SMD", "$1N5208", "", "O", 22.6, 80.24, 0, 270],
		[43, "U24_5", 429.02, -879.46, "T", "SMD", "GND", "GND", "O", 22.6, 80.24, 0, 270],
		[44, "U24_6", 429.02, -829.46, "T", "SMD", "$1N5209", "", "O", 22.6, 80.24, 0, 270],
		[45, "U24_7", 429.02, -779.46, "T", "SMD", "VM", "", "O", 22.6, 80.24, 0, 270],
		[46, "U24_8", 429.02, -729.46, "T", "SMD", "$1N5200", "", "O", 22.6, 80.24, 0, 270],
		[47, "U24_9", 320, -804.46, "T", "SMD", "GND", "GND", "R", 78.74, 78.74, 0, 270],
		[48, "U25_1", 467.06, -279.45, "T", "SMD", "GND", "GND", "R", 97.24, 38.58, 0, 180],
		[49, "U25_2", 467.06, -370, "T", "SMD", "3V3", "", "R", 97.24, 38.58, 0, 180],
		[50, "U25_3", 467.06, -460.55, "T", "SMD", "+5V", "", "R", 97.24, 38.58, 0, 180],
		[51, "U25_4", 690.28, -370, "T", "SMD", "3V3", "", "R", 97.24, 141.73, 0, 180],
		[52, "U26_1", 1125, -356.34, "T", "DIP", "3V3", "", "C", 59.05, 59.05, 31.5, 270],
		[53, "U26_1", 1125, -356.34, "B", "DIP", "3V3", "", "C", 59.05, 59.05, 31.5, 270],
		[54, "U26_2", 1125, -435.08, "T", "DIP", "GND", "GND", "C", 59.05, 59.05, 31.5, 270],
		[55, "U26_2", 1125, -435.08, "B", "DIP", "GND", "GND", "C", 59.05, 59.05, 31.5, 270],
		[56, "U27_1", 1125, -618.53, "T", "DIP", "3V3", "", "C", 59.05, 59.05, 31.5, 270],
		[57, "U27_1", 1125, -618.53, "B", "DIP", "3V3", "", "C", 59.05, 59.05, 31.5, 270],
		[58, "U27_2", 1125, -697.27, "T", "DIP", "GND", "GND", "C", 59.05, 59.05, 31.5, 270],
		[59, "U27_2", 1125, -697.27, "B", "DIP", "GND", "GND", "C", 59.05, 59.05, 31.5, 270],
		[60, "U28_1", 900.12, -618.53, "T", "DIP", "3V3", "", "C", 59.05, 59.05, 31.5, 270],
		[61, "U28_1", 900.12, -618.53, "B", "DIP", "3V3", "", "C", 59.05, 59.05, 31.5, 270],
		[62, "U28_2", 900.12, -697.27, "T", "DIP", "GND", "GND", "C", 59.05, 59.05, 31.5, 270],
		[63, "U28_2", 900.12, -697.27, "B", "DIP", "GND", "GND", "C", 59.05, 59.05, 31.5, 270],
		[64, "U29_1", 900.12, -886.36, "T", "DIP", "3V3", "", "C", 59.05, 59.05, 31.5, 270],
		[65, "U29_1", 900.12, -886.36, "B", "DIP", "3V3", "", "C", 59.05, 59.05, 31.5, 270],
		[66, "U29_2", 900.12, -965.1, "T", "DIP", "GND", "GND", "C", 59.05, 59.05, 31.5, 270],
		[67, "U29_2", 900.12, -965.1, "B", "DIP", "GND", "GND", "C", 59.05, 59.05, 31.5, 270],
		[68, "U30_1", 1125, -886.36, "T", "DIP", "3V3", "", "C", 59.05, 59.05, 31.5, 270],
		[69, "U30_1", 1125, -886.36, "B", "DIP", "3V3", "", "C", 59.05, 59.05, 31.5, 270],
		[70, "U30_2", 1125, -965.1, "T", "DIP", "GND", "GND", "C", 59.05, 59.05, 31.5, 270],
		[71, "U30_2", 1125, -965.1, "B", "DIP", "GND", "GND", "C", 59.05, 59.05, 31.5, 270],
		[72, "U31_1", 885.63, -145, "T", "DIP", "+5V", "", "C", 59.05, 59.05, 31.5, 0],
		[73, "U31_1", 885.63, -145, "B", "DIP", "+5V", "", "C", 59.05, 59.05, 31.5, 0],
		[74, "U31_2", 964.37, -145, "T", "DIP", "GND", "GND", "C", 59.05, 59.05, 31.5, 0],
		[75, "U31_2", 964.37, -145, "B", "DIP", "GND", "GND", "C", 59.05, 59.05, 31.5, 0],
		[76, "U32_1", 365.63, -145, "T", "DIP", "+5V", "", "C", 59.05, 59.05, 31.5, 0],
		[77, "U32_1", 365.63, -145, "B", "DIP", "+5V", "", "C", 59.05, 59.05, 31.5, 0],
		[78, "U32_2", 444.37, -145, "T", "DIP", "GND", "GND", "C", 59.05, 59.05, 31.5, 0],
		[79, "U32_2", 444.37, -145, "B", "DIP", "GND", "GND", "C", 59.05, 59.05, 31.5, 0],
		[80, "U33_1", 105.63, -145, "T", "DIP", "+5V", "", "C", 59.05, 59.05, 31.5, 0],
		[81, "U33_1", 105.63, -145, "B", "DIP", "+5V", "", "C", 59.05, 59.05, 31.5, 0],
		[82, "U33_2", 184.37, -145, "T", "DIP", "GND", "GND", "C", 59.05, 59.05, 31.5, 0],
		[83, "U33_2", 184.37, -145, "B", "DIP", "GND", "GND", "C", 59.05, 59.05, 31.5, 0],
		[84, "U34_1", 1125, -105.63, "T", "DIP", "+5V", "", "C", 59.05, 59.05, 31.5, 270],
		[85, "U34_1", 1125, -105.63, "B", "DIP", "+5V", "", "C", 59.05, 59.05, 31.5, 270],
		[86, "U34_2", 1125, -184.37, "T", "DIP", "GND", "GND", "C", 59.05, 59.05, 31.5, 270],
		[87, "U34_2", 1125, -184.37, "B", "DIP", "GND", "GND", "C", 59.05, 59.05, 31.5, 270],
		[88, "U35_1", 625.63, -145, "T", "DIP", "+5V", "", "C", 59.05, 59.05, 31.5, 0],
		[89, "U35_1", 625.63, -145, "B", "DIP", "+5V", "", "C", 59.05, 59.05, 31.5, 0],
		[90, "U35_2", 704.37, -145, "T", "DIP", "GND", "GND", "C", 59.05, 59.05, 31.5, 0],
		[91, "U35_2", 704.37, -145, "B", "DIP", "GND", "GND", "C", 59.05, 59.05, 31.5, 0],
		[92, "PAD1_1", 552.56, -1015, "T", "DIP", "VM", "", "C", 125.98, 125.98, 86.61, 0],
		[93, "PAD1_1", 552.56, -1015, "B", "DIP", "VM", "", "C", 125.98, 125.98, 86.61, 0],
		[94, "PAD2_1", 93.36, -1015, "T", "DIP", "GND", "GND", "C", 125.98, 125.98, 86.61, 0],
		[95, "PAD2_1", 93.36, -1015, "B", "DIP", "GND", "GND", "C", 125.98, 125.98, 86.61, 0]
	]
}
}