{
"lengthUnit": "mil",
"components": {
	"fields": ["COMPONENT_NO", "COMPONENT_NAME", "LAYER", "X_COORDINATE", "Y_COORDINATE", "ANGLE"],
	"rows": [
		[1, "C2", "T", 510, -635, 90],
		[2, "C3", "T", 398.82, -780, 270],
		[3, "C7", "T", 419.59, -1200, 270],
		[4, "C9", "T", 805, -656.24, 270],
		[5, "C10", "T", 276.07, -1164.06, 0],
		[6, "C11", "T", 420, -590, 90],
		[7, "C12", "T", 580, -634.2, 270],
		[8, "C18", "T", 60.09, -256.38, 0],
		[9, "C19", "T", 439.72, -185, 180],
		[10, "C20", "T", 355, -405.11, 90],
		[11, "C21", "T", 164.72, -1084.88, 180],
		[12, "C27", "T", 679.88, -845, 0],
		[13, "CN2", "T", 177.87, -145, 180],
		[14, "D1", "T", 67.56, -925.78, 270],
		[15, "L1", "T", 195, -655, 180],
		[16, "LDO1", "T", 689.23, -660, 0],
		[17, "R1", "T", 511.56, -747.9, 180],
		[18, "R2", "T", 484.43, -839.61, 270],
		[19, "R4", "T", 479.42, -985, 90],
		[20, "R5", "T", 421.89, -1084.99, 0],
		[21, "R6", "T", 552.7, -839.61, 90],
		[22, "R7", "T", 295, -1084.99, 180],
		[23, "R10", "T", 177.34, -280, 180],
		[24, "R12", "T", 1015, -627.24, 0],
		[25, "R20", "T", 441.16, -345.39, 0],
		[26, "R21", "T", 441.16, -266.97, 0],
		[27, "R22", "T", 905, -598.71, 90],
		[28, "SW2", "T", 72.08, -405.11, 270],
		[29, "SW3", "T", 260.8, -405.11, 270],
		[30, "U7", "T", 776.89, -312.95, 0],
		[31, "U24", "T", 295, -929.95, 270],
		[32, "U25", "T", 910, -823.15, 270],
		[33, "USB1", "T", 823.05, -1115, 0],
		[34, "PAD1", "T", 534.76, -1185, 0],
		[35, "PAD1", "B", 534.76, -1185, 0],
		[36, "PAD2", "T", 89.91, -1185, 0],
		[37, "PAD2", "B", 89.91, -1185, 0]
	]
},
"pins": {
	"fields": ["PIN_NO", "PIN_NAME", "PIN_X", "PIN_Y", "LAYER", "PIN_TYPE", "NET_NAME", "NET_TYPE", "PAD_SHAPE", "PAD_SIZEX", "PAD_SIZEY", "HOLE_SIZE", "PAD_ANGLE"],
	"rows": [
		[1, "C2_1", 510, -662.56, "T", "SMD", "+5V", "", "R", 31.5, 35.43, 0, 90],
		[2, "C2_2", 510, -607.44, "T", "SMD", "GND", "GND", "R", 31.5, 35.43, 0, 90],
		[3, "C3_1", 398.82, -752.44, "T", "SMD", "$1N8544", "", "R", 31.5, 35.43, 0, 270],
		[4, "C3_2", 398.82, -807.56, "T", "SMD", "$1N8548", "", "R", 31.5, 35.43, 0, 270],
		[5, "C7_1", 419.59, -1172.44, "T", "SMD", "VM", "", "R", 31.5, 35.43, 0, 270],
		[6, "C7_2", 419.59, -1227.56, "T", "SMD", "GND", "GND", "R", 31.5, 35.43, 0, 270],
		[7, "C9_1", 805, -628.68, "T", "SMD", "3V3", "", "R", 31.5, 35.43, 0, 270],
		[8, "C9_2", 805, -683.8, "T", "SMD", "GND", "GND", "R", 31.5, 35.43, 0, 270],
		[9, "C10_1", 213.37, -1164.06, "T", "SMD", "GND", "GND", "R", 58.47, 68.03, 0, 0],
		[10, "C10_2", 338.77, -1164.06, "T", "SMD", "VM", "", "R", 58.47, 68.03, 0, 0],
		[11, "C11_1", 420, -652.7, "T", "SMD", "+5V", "", "R", 58.47, 68.03, 0, 90],
		[12, "C11_2", 420, -527.3, "T", "SMD", "GND", "GND", "R", 58.47, 68.03, 0, 90],
		[13, "C12_1", 580, -606.64, "T", "SMD", "GND", "GND", "R", 31.5, 35.43, 0, 270],
		[14, "C12_2", 580, -661.76, "T", "SMD", "+5V", "", "R", 31.5, 35.43, 0, 270],
		[15, "C18_1", 32.53, -256.38, "T", "SMD", "GND", "GND", "R", 31.5, 35.43, 0, 0],
		[16, "C18_2", 87.65, -256.38, "T", "SMD", "BOOT", "", "R", 31.5, 35.43, 0, 0],
		[17, "C19_1", 467.28, -185, "T", "SMD", "GND", "GND", "R", 31.5, 35.43, 0, 180],
		[18, "C19_2", 412.16, -185, "T", "SMD", "3V3", "", "R", 31.5, 35.43, 0, 180],
		[19, "C20_1", 355, -432.67, "T", "SMD", "GND", "GND", "R", 31.5, 35.43, 0, 90],
		[20, "C20_2", 355, -377.55, "T", "SMD", "CHIP_EN", "", "R", 31.5, 35.43, 0, 90],
		[21, "C21_1", 192.28, -1084.88, "T", "SMD", "$1N8553", "", "R", 31.5, 35.43, 0, 180],
		[22, "C21_2", 137.16, -1084.88, "T", "SMD", "$1N8554", "", "R", 31.5, 35.43, 0, 180],
		[23, "C27_1", 652.32, -845, "T", "SMD", "GND", "GND", "R", 31.5, 35.43, 0, 360],
		[24, "C27_2", 707.44, -845, "T", "SMD", "+5V", "", "R", 31.5, 35.43, 0, 360],
		[25, "CN2_1", 202.47, -210.95, "T", "SMD", "CAN_L", "", "R", 23.62, 66.93, 0, 360],
		[26, "CN2_2", 153.25, -210.95, "T", "SMD", "CAN_H", "", "R", 23.62, 66.93, 0, 360],
		[27, "CN2_3", 80.43, -79.05, "T", "SMD", "CN2_3", "", "R", 39.37, 110.24, 0, 360],
		[28, "CN2_4", 275.31, -79.05, "T", "SMD", "CN2_4", "", "R", 39.37, 110.24, 0, 360],
		[29, "D1_1", 67.56, -839.17, "T", "SMD", "$1N8544", "", "R", 78.74, 78.74, 0, 90],
		[30, "D1_2", 67.56, -1012.39, "T", "SMD", "GND", "GND", "R", 78.74, 78.74, 0, 90],
		[31, "L1_1", 316.18, -655, "T", "SMD", "+5V", "", "R", 99.37, 122.84, 0, 180],
		[32, "L1_2", 73.82, -655, "T", "SMD", "$1N8544", "", "R", 99.37, 122.84, 0, 180],
		[33, "LDO1_1", 737.86, -697.4, "T", "SMD", "GND", "GND", "R", 42.13, 23.62, 0, 0],
		[34, "LDO1_2", 737.86, -622.6, "T", "SMD", "3V3", "", "R", 42.13, 23.62, 0, 0],
		[35, "LDO1_3", 640.61, -660, "T", "SMD", "+5V", "", "R", 42.13, 23.62, 0, 0],
		[36, "R1_1", 541.22, -747.9, "T", "SMD", "$1N8556", "", "R", 31.75, 34.02, 0, 180],
		[37, "R1_2", 481.9, -747.9, "T", "SMD", "+5V", "", "R", 31.75, 34.02, 0, 180],
		[38, "R2_1", 484.43, -809.95, "T", "SMD", "$1N8550", "", "R", 31.75, 34.02, 0, 270],
		[39, "R2_2", 484.43, -869.27, "T", "SMD", "VM", "", "R", 31.75, 34.02, 0, 270],
		[40, "R4_1", 479.42, -1014.66, "T", "SMD", "GND", "GND", "R", 31.75, 34.02, 0, 90],
		[41, "R4_2", 479.42, -955.34, "T", "SMD", "$1N8557", "", "R", 31.75, 34.02, 0, 90],
		[42, "R5_1", 392.23, -1084.99, "T", "SMD", "GND", "GND", "R", 31.75, 34.02, 0, 0],
		[43, "R5_2", 451.55, -1084.99, "T", "SMD", "$1N8556", "", "R", 31.75, 34.02, 0, 0],
		[44, "R6_1", 552.7, -869.27, "T", "SMD", "GND", "GND", "R", 31.75, 34.02, 0, 90],
		[45, "R6_2", 552.7, -809.95, "T", "SMD", "$1N8550", "", "R", 31.75, 34.02, 0, 90],
		[46, "R7_1", 324.66, -1084.99, "T", "SMD", "GND", "GND", "R", 31.75, 34.02, 0, 180],
		[47, "R7_2", 265.34, -1084.99, "T", "SMD", "$1N8553", "", "R", 31.75, 34.02, 0, 180],
		[48, "R10_1", 207, -280, "T", "SMD", "CAN_L", "", "R", 31.75, 34.02, 0, 180],
		[49, "R10_2", 147.68, -280, "T", "SMD", "CAN_H", "", "R", 31.75, 34.02, 0, 180],
		[50, "R12_1", 985.34, -627.24, "T", "SMD", "3V3", "", "R", 31.75, 34.02, 0, 360],
		[51, "R12_2", 1044.66, -627.24, "T", "SMD", "$1N8806", "", "R", 31.75, 34.02, 0, 360],
		[52, "R20_1", 411.5, -345.39, "T", "SMD", "3V3", "", "R", 31.75, 34.02, 0, 0],
		[53, "R20_2", 470.82, -345.39, "T", "SMD", "CHIP_EN", "", "R", 31.75, 34.02, 0, 0],
		[54, "R21_1", 411.5, -266.97, "T", "SMD", "3V3", "", "R", 31.75, 34.02, 0, 0],
		[55, "R21_2", 470.82, -266.97, "T", "SMD", "GPIO2", "", "R", 31.75, 34.02, 0, 0],
		[56, "R22_1", 905, -628.37, "T", "SMD", "3V3", "", "R", 31.75, 34.02, 0, 90],
		[57, "R22_2", 905, -569.05, "T", "SMD", "GPIO8", "", "R", 31.75, 34.02, 0, 90],
		[58, "SW2_1", 72.08, -319.09, "T", "SMD", "BOOT", "", "R", 48.42, 53.54, 0, 270],
		[59, "SW2_2", 72.08, -491.13, "T", "SMD", "GND", "GND", "R", 48.42, 53.54, 0, 270],
		[60, "SW3_1", 260.8, -319.09, "T", "SMD", "CHIP_EN", "", "R", 48.42, 53.54, 0, 270],
		[61, "SW3_2", 260.8, -491.13, "T", "SMD", "GND", "GND", "R", 48.42, 53.54, 0, 270],
		[62, "U7_1", 544.61, -155.48, "T", "SMD", "GND", "GND", "R", 39.37, 19.68, 0, 0],
		[63, "U7_2", 544.61, -186.97, "T", "SMD", "GND", "GND", "R", 39.37, 19.68, 0, 0],
		[64, "U7_3", 544.61, -218.47, "T", "SMD", "3V3", "", "R", 39.37, 19.68, 0, 0],
		[65, "U7_4", 544.61, -249.96, "T", "SMD", "U7_4", "", "R", 39.37, 19.68, 0, 0],
		[66, "U7_5", 544.61, -281.46, "T", "SMD", "GPIO2", "", "R", 39.37, 19.68, 0, 0],
		[67, "U7_6", 544.61, -312.96, "T", "SMD", "GPIO3", "", "R", 39.37, 19.68, 0, 0],
		[68, "U7_7", 544.61, -344.45, "T", "SMD", "U7_7", "", "R", 39.37, 19.68, 0, 0],
		[69, "U7_8", 544.61, -375.95, "T", "SMD", "CHIP_EN", "", "R", 39.37, 19.68, 0, 0],
		[70, "U7_9", 544.61, -407.44, "T", "SMD", "U7_9", "", "R", 39.37, 19.68, 0, 0],
		[71, "U7_10", 544.61, -438.94, "T", "SMD", "U7_10", "", "R", 39.37, 19.68, 0, 0],
		[72, "U7_11", 544.61, -470.44, "T", "SMD", "GND", "GND", "R", 39.37, 19.68, 0, 0],
		[73, "U7_12", 587.91, -509.81, "T", "SMD", "GPIO0", "", "R", 19.68, 39.37, 0, 0],
		[74, "U7_13", 619.41, -509.81, "T", "SMD", "GPIO1", "", "R", 19.68, 39.37, 0, 0],
		[75, "U7_14", 650.91, -509.81, "T", "SMD", "GND", "GND", "R", 19.68, 39.37, 0, 0],
		[76, "U7_15", 682.4, -509.81, "T", "SMD", "U7_15", "", "R", 19.68, 39.37, 0, 0],
		[77, "U7_16", 713.9, -509.81, "T", "SMD", "GPIO10", "", "R", 19.68, 39.37, 0, 0],
		[78, "U7_17", 745.39, -509.81, "T", "SMD", "U7_17", "", "R", 19.68, 39.37, 0, 0],
		[79, "U7_18", 776.89, -509.81, "T", "SMD", "CAN_RX", "", "R", 19.68, 39.37, 0, 0],
		[80, "U7_19", 808.39, -509.81, "T", "SMD", "CAN_TX", "", "R", 19.68, 39.37, 0, 0],
		[81, "U7_20", 839.88, -509.81, "T", "SMD", "GPIO6", "", "R", 19.68, 39.37, 0, 0],
		[82, "U7_21", 871.38, -509.81, "T", "SMD", "GPIO7", "", "R", 19.68, 39.37, 0, 0],
		[83, "U7_22", 902.88, -509.81, "T", "SMD", "GPIO8", "", "R", 19.68, 39.37, 0, 0],
		[84, "U7_23", 934.37, -509.81, "T", "SMD", "BOOT", "", "R", 19.68, 39.37, 0, 0],
		[85, "U7_24", 965.87, -509.81, "T", "SMD", "U7_24", "", "R", 19.68, 39.37, 0, 0],
		[86, "U7_25", 1009.17, -470.44, "T", "SMD", "U7_25", "", "R", 39.37, 19.68, 0, 0],
		[87, "U7_26", 1009.17, -438.94, "T", "SMD", "GPIO18", "", "R", 39.37, 19.68, 0, 0],
		[88, "U7_27", 1009.17, -407.44, "T", "SMD", "GPIO19", "", "R", 39.37, 19.68, 0, 0],
		[89, "U7_28", 1009.17, -375.95, "T", "SMD", "U7_28", "", "R", 39.37, 19.68, 0, 0],
		[90, "U7_29", 1009.17, -344.45, "T", "SMD", "U7_29", "", "R", 39.37, 19.68, 0, 0],
		[91, "U7_30", 1009.17, -312.96, "T", "SMD", "GPIO20", "", "R", 39.37, 19.68, 0, 0],
		[92, "U7_31", 1009.17, -281.46, "T", "SMD", "GPIO21", "", "R", 39.37, 19.68, 0, 0],
		[93, "U7_32", 1009.17, -249.96, "T", "SMD", "U7_32", "", "R", 39.37, 19.68, 0, 0],
		[94, "U7_33", 1009.17, -218.47, "T", "SMD", "U7_33", "", "R", 39.37, 19.68, 0, 0],
		[95, "U7_34", 1009.17, -186.97, "T", "SMD", "U7_34", "", "R", 39.37, 19.68, 0, 0],
		[96, "U7_35", 1009.17, -155.48, "T", "SMD", "U7_35", "", "R", 39.37, 19.68, 0, 0],
		[97, "U7_36", 965.87, -116.1, "T", "SMD", "GND", "GND", "R", 19.68, 39.37, 0, 0],
		[98, "U7_37", 934.37, -116.1, "T", "SMD", "GND", "GND", "R", 19.68, 39.37, 0, 0],
		[99, "U7_38", 902.88, -116.1, "T", "SMD", "GND", "GND", "R", 19.68, 39.37, 0, 0],
		[100, "U7_39", 871.38, -116.1, "T", "SMD", "GND", "GND", "R", 19.68, 39.37, 0, 0],
		[101, "U7_40", 839.88, -116.1, "T", "SMD", "GND", "GND", "R", 19.68, 39.37, 0, 0],
		[102, "U7_41", 808.39, -116.1, "T", "SMD", "GND", "GND", "R", 19.68, 39.37, 0, 0],
		[103, "U7_42", 776.89, -116.1, "T", "SMD", "GND", "GND", "R", 19.68, 39.37, 0, 0],
		[104, "U7_43", 745.39, -116.1, "T", "SMD", "GND", "GND", "R", 19.68, 39.37, 0, 0],
		[105, "U7_44", 713.9, -116.1, "T", "SMD", "GND", "GND", "R", 19.68, 39.37, 0, 0],
		[106, "U7_45", 682.4, -116.1, "T", "SMD", "GND", "GND", "R", 19.68, 39.37, 0, 0],
		[107, "U7_46", 650.91, -116.1, "T", "SMD", "GND", "GND", "R", 19.68, 39.37, 0, 0],
		[108, "U7_47", 619.41, -116.1, "T", "SMD", "GND", "GND", "R", 19.68, 39.37, 0, 0],
		[109, "U7_48", 587.91, -116.1, "T", "SMD", "GND", "GND", "R", 19.68, 39.37, 0, 0],
		[110, "U7_49", 776.89, -312.95, "T", "SMD", "GND", "GND", "R", 57.09, 57.09, 0, 0],
		[111, "U7_50", 1011.14, -118.07, "T", "SMD", "GND", "GND", "R", 27.56, 27.56, 0, 0],
		[112, "U7_51", 1011.14, -507.83, "T", "SMD", "GND", "GND", "R", 27.56, 27.56, 0, 0],
		[113, "U7_52", 542.63, -507.83, "T", "SMD", "GND", "GND", "R", 27.56, 27.56, 0, 0],
		[114, "U7_53", 542.64, -118.07, "T", "SMD", "GND", "GND", "R", 27.56, 27.56, 0, 0],
		[115, "U7_54", 699.13, -235.2, "T", "SMD", "GND", "GND", "R", 57.09, 57.09, 0, 0],
		[116, "U7_55", 776.89, -235.2, "T", "SMD", "GND", "GND", "R", 57.09, 57.09, 0, 0],
		[117, "U7_56", 854.65, -235.2, "T", "SMD", "GND", "GND", "R", 57.09, 57.09, 0, 0],
		[118, "U7_57", 854.65, -312.95, "T", "SMD", "GND", "GND", "R", 57.09, 57.09, 0, 0],
		[119, "U7_58", 854.65, -390.71, "T", "SMD", "GND", "GND", "R", 57.09, 57.09, 0, 0],
		[120, "U7_59", 776.89, -390.71, "T", "SMD", "GND", "GND", "R", 57.09, 57.09, 0, 0],
		[121, "U7_60", 699.14, -390.71, "T", "SMD", "GND", "GND", "R", 57.09, 57.09, 0, 0],
		[122, "U7_61", 699.14, -312.95, "T", "SMD", "GND", "GND", "R", 57.09, 57.09, 0, 0],
		[123, "U24_1", 185.98, -854.95, "T", "SMD", "$1N8544", "", "O", 22.6, 80.24, 0, 270],
		[124, "U24_2", 185.98, -904.95, "T", "SMD", "$1N8550", "", "O", 22.6, 80.24, 0, 270],
		[125, "U24_3", 185.98, -954.95, "T", "SMD", "$1N8554", "", "O", 22.6, 80.24, 0, 270],
		[126, "U24_4", 185.98, -1004.95, "T", "SMD", "$1N8556", "", "O", 22.6, 80.24, 0, 270],
		[127, "U24_5", 404.02, -1004.95, "T", "SMD", "GND", "GND", "O", 22.6, 80.24, 0, 270],
		[128, "U24_6", 404.02, -954.95, "T", "SMD", "$1N8557", "", "O", 22.6, 80.24, 0, 270],
		[129, "U24_7", 404.02, -904.95, "T", "SMD", "VM", "", "O", 22.6, 80.24, 0, 270],
		[130, "U24_8", 404.02, -854.95, "T", "SMD", "$1N8548", "", "O", 22.6, 80.24, 0, 270],
		[131, "U24_9", 295, -929.95, "T", "SMD", "GND", "GND", "R", 78.74, 78.74, 0, 270],
		[132, "U25_1", 803.5, -748.15, "T", "SMD", "CAN_TX", "", "O", 22.38, 76.78, 0, 270],
		[133, "U25_2", 803.5, -798.15, "T", "SMD", "GND", "GND", "O", 22.38, 76.78, 0, 270],
		[134, "U25_3", 803.5, -848.15, "T", "SMD", "+5V", "", "O", 22.38, 76.78, 0, 270],
		[135, "U25_4", 803.5, -898.15, "T", "SMD", "CAN_RX", "", "O", 22.38, 76.78, 0, 270],
		[136, "U25_5", 1016.5, -898.15, "T", "SMD", "$1N8806", "", "O", 22.38, 76.78, 0, 270],
		[137, "U25_6", 1016.5, -848.15, "T", "SMD", "CAN_L", "", "O", 22.38, 76.78, 0, 270],
		[138, "U25_7", 1016.5, -798.15, "T", "SMD", "CAN_H", "", "O", 22.38, 76.78, 0, 270],
		[139, "U25_8", 1016.5, -748.15, "T", "SMD", "GND", "GND", "O", 22.38, 76.78, 0, 270],
		[140, "USB1_1", 652.97, -1045.51, "T", "DIP", "USB1_1", "", "O", 47.24, 78.74, 66.93, 0],
		[141, "USB1_1", 652.97, -1045.51, "B", "DIP", "USB1_1", "", "O", 47.24, 78.74, 66.93, 0],
		[142, "USB1_2", 993.13, -1045.51, "T", "DIP", "USB1_2", "", "O", 47.24, 78.74, 66.93, 0],
		[143, "USB1_2", 993.13, -1045.51, "B", "DIP", "USB1_2", "", "O", 47.24, 78.74, 66.93, 0],
		[144, "USB1_3", 652.97, -1210.08, "T", "DIP", "USB1_3", "", "O", 47.24, 70.87, 55.12, 0],
		[145, "USB1_3", 652.97, -1210.08, "B", "DIP", "USB1_3", "", "O", 47.24, 70.87, 55.12, 0],
		[146, "USB1_4", 993.13, -1210.08, "T", "DIP", "USB1_4", "", "O", 47.24, 70.87, 55.12, 0],
		[147, "USB1_4", 993.13, -1210.08, "B", "DIP", "USB1_4", "", "O", 47.24, 70.87, 55.12, 0],
		[148, "USB1_A1", 691.16, -1019.92, "T", "SMD", "GND", "GND", "R", 11.81, 51.18, 0, 0],
		[149, "USB1_A12", 954.94, -1019.92, "T", "SMD", "GND", "GND", "R", 11.81, 51.18, 0, 0],
		[150, "USB1_A4", 722.66, -1019.92, "T", "SMD", "+5V", "", "R", 11.81, 51.18, 0, 0],
		[151, "USB1_A5", 773.84, -1019.92, "T", "SMD", "USB1_A5", "", "R", 11.81, 51.18, 0, 0],
		[152, "USB1_A6", 813.21, -1019.92, "T", "SMD", "GPIO19", "", "R", 11.81, 51.18, 0, 0],
		[153, "USB1_A7", 832.89, -1019.92, "T", "SMD", "GPIO18", "", "R", 11.81, 51.18, 0, 0],
		[154, "USB1_A8", 872.25, -1019.92, "T", "SMD", "USB1_A8", "", "R", 11.81, 51.18, 0, 0],
		[155, "USB1_A9", 923.45, -1019.93, "T", "SMD", "+5V", "", "R", 11.81, 51.18, 0, 0],
		[156, "USB1_B1", 943.13, -1019.92, "T", "SMD", "GND", "GND", "R", 11.81, 51.18, 0, 0],
		[157, "USB1_B12", 702.97, -1019.92, "T", "SMD", "GND", "GND", "R", 11.81, 51.18, 0, 0],
		[158, "USB1_B4", 911.63, -1019.93, "T", "SMD", "+5V", "", "R", 11.81, 51.18, 0, 0],
		[159, "USB1_B5", 891.95, -1019.92, "T", "SMD", "USB1_B5", "", "R", 11.81, 51.18, 0, 0],
		[160, "USB1_B6", 852.58, -1019.92, "T", "SMD", "GPIO19", "", "R", 11.81, 51.18, 0, 0],
		[161, "USB1_B7", 793.52, -1019.92, "T", "SMD", "GPIO18", "", "R", 11.81, 51.18, 0, 0],
		[162, "USB1_B8", 754.15, -1019.92, "T", "SMD", "USB1_B8", "", "R", 11.81, 51.18, 0, 0],
		[163, "USB1_B9", 734.47, -1019.92, "T", "SMD", "+5V", "", "R", 11.81, 51.18, 0, 0],
		[164, "PAD1_VM", 534.76, -1185, "T", "DIP", "VM", "", "C", 125.98, 125.98, 86.61, 0],
		[165, "PAD1_VM", 534.76, -1185, "B", "DIP", "VM", "", "C", 125.98, 125.98, 86.61, 0],
		[166, "PAD2_2", 89.91, -1185, "T", "DIP", "GND", "GND", "C", 125.98, 125.98, 86.61, 0],
		[167, "PAD2_2", 89.91, -1185, "B", "DIP", "GND", "GND", "C", 125.98, 125.98, 86.61, 0]
	]
}
}