{
"lengthUnit": "mil",
"components": {
	"fields": ["COMPONENT_NO", "COMPONENT_NAME", "LAYER", "X_COORDINATE", "Y_COORDINATE", "ANGLE"],
	"rows": [
		[1, "CN1", "T", 395, -120, 180],
		[2, "CN2", "T", 904.65, -415.67, 180],
		[3, "CN3", "T", 115.52, -370, 90],
		[4, "CN4", "T", 355, -671.57, 180],
		[5, "CN5", "T", 115.5, -835, 270],
		[6, "CN6", "T", 904.65, -927.48, 180],
		[7, "CN7", "T", 860, -120, 0],
		[8, "CN8", "T", 904.65, -671.57, 180],
		[9, "CN9", "T", 1142.16, -830, 270],
		[10, "CN10", "T", 355, -927.48, 180],
		[11, "CN11", "T", 1140, -365, 90],
		[12, "CN12", "T", 355, -415.67, 180],
		[13, "SCREW1", "T", 708.66, -551.18, 0],
		[14, "SCREW2", "T", 708.66, -944.88, 0]
	]
},
"pins": {
	"fields": ["PIN_NO", "PIN_NAME", "PIN_X", "PIN_Y", "LAYER", "PIN_TYPE", "NET_NAME", "NET_TYPE", "PAD_SHAPE", "PAD_SIZEX", "PAD_SIZEY", "HOLE_SIZE", "PAD_ANGLE"],
	"rows": [
		[1, "CN1_1", 493.43, -120, "T", "DIP", "VCC", "", "C", 125.98, 125.98, 86.61, 270],
		[2, "CN1_1", 493.43, -120, "B", "DIP", "VCC", "", "C", 125.98, 125.98, 86.61, 270],
		[3, "CN1_2", 296.57, -120, "T", "DIP", "GND", "GND", "C", 125.98, 125.98, 86.61, 270],
		[4, "CN1_2", 296.57, -120, "B", "DIP", "GND", "GND", "C", 125.98, 125.98, 86.61, 270],
		[5, "CN2_1", 929.25, -481.61, "T", "SMD", "CAN_L", "", "R", 23.62, 66.93, 0, 0],
		[6, "CN2_2", 880.03, -481.61, "T", "SMD", "CAN_H", "", "R", 23.62, 66.93, 0, 0],
		[7, "CN2_3", 807.2, -349.72, "T", "SMD", "CN2_3", "", "R", 39.37, 110.24, 0, 0],
		[8, "CN2_4", 1002.09, -349.72, "T", "SMD", "CN2_4", "", "R", 39.37, 110.24, 0, 0],
		[9, "CN3_1", 115.52, -468.43, "T", "DIP", "VCC", "", "C", 125.98, 125.98, 86.61, 180],
		[10, "CN3_1", 115.52, -468.43, "B", "DIP", "VCC", "", "C", 125.98, 125.98, 86.61, 180],
		[11, "CN3_2", 115.52, -271.57, "T", "DIP", "GND", "GND", "C", 125.98, 125.98, 86.61, 180],
		[12, "CN3_2", 115.52, -271.57, "B", "DIP", "GND", "GND", "C", 125.98, 125.98, 86.61, 180],
		[13, "CN4_1", 379.6, -737.52, "T", "SMD", "CAN_L", "", "R", 23.62, 66.93, 0, 0],
		[14, "CN4_2", 330.38, -737.52, "T", "SMD", "CAN_H", "", "R", 23.62, 66.93, 0, 0],
		[15, "CN4_3", 257.56, -605.63, "T", "SMD", "CN4_3", "", "R", 39.37, 110.24, 0, 0],
		[16, "CN4_4", 452.45, -605.63, "T", "SMD", "CN4_4", "", "R", 39.37, 110.24, 0, 0],
		[17, "CN5_1", 115.5, -736.58, "T", "DIP", "VCC", "", "C", 125.98, 125.98, 86.61, 0],
		[18, "CN5_1", 115.5, -736.58, "B", "DIP", "VCC", "", "C", 125.98, 125.98, 86.61, 0],
		[19, "CN5_2", 115.5, -933.42, "T", "DIP", "GND", "GND", "C", 125.98, 125.98, 86.61, 0],
		[20, "CN5_2", 115.5, -933.42, "B", "DIP", "GND", "GND", "C", 125.98, 125.98, 86.61, 0],
		[21, "CN6_1", 929.25, -993.42, "T", "SMD", "CAN_L", "", "R", 23.62, 66.93, 0, 0],
		[22, "CN6_2", 880.03, -993.42, "T", "SMD", "CAN_H", "", "R", 23.62, 66.93, 0, 0],
		[23, "CN6_3", 807.2, -861.53, "T", "SMD", "CN6_3", "", "R", 39.37, 110.24, 0, 0],
		[24, "CN6_4", 1002.09, -861.53, "T", "SMD", "CN6_4", "", "R", 39.37, 110.24, 0, 0],
		[25, "CN7_1", 761.58, -120, "T", "DIP", "VCC", "", "C", 125.98, 125.98, 86.61, 90],
		[26, "CN7_1", 761.58, -120, "B", "DIP", "VCC", "", "C", 125.98, 125.98, 86.61, 90],
		[27, "CN7_2", 958.42, -120, "T", "DIP", "GND", "GND", "C", 125.98, 125.98, 86.61, 90],
		[28, "CN7_2", 958.42, -120, "B", "DIP", "GND", "GND", "C", 125.98, 125.98, 86.61, 90],
		[29, "CN8_1", 929.25, -737.52, "T", "SMD", "CAN_L", "", "R", 23.62, 66.93, 0, 0],
		[30, "CN8_2", 880.03, -737.52, "T", "SMD", "CAN_H", "", "R", 23.62, 66.93, 0, 0],
		[31, "CN8_3", 807.2, -605.63, "T", "SMD", "CN8_3", "", "R", 39.37, 110.24, 0, 0],
		[32, "CN8_4", 1002.09, -605.63, "T", "SMD", "CN8_4", "", "R", 39.37, 110.24, 0, 0],
		[33, "CN9_1", 1142.16, -731.58, "T", "DIP", "VCC", "", "C", 125.98, 125.98, 86.61, 0],
		[34, "CN9_1", 1142.16, -731.58, "B", "DIP", "VCC", "", "C", 125.98, 125.98, 86.61, 0],
		[35, "CN9_2", 1142.16, -928.42, "T", "DIP", "GND", "GND", "C", 125.98, 125.98, 86.61, 0],
		[36, "CN9_2", 1142.16, -928.42, "B", "DIP", "GND", "GND", "C", 125.98, 125.98, 86.61, 0],
		[37, "CN10_1", 379.6, -993.42, "T", "SMD", "CAN_L", "", "R", 23.62, 66.93, 0, 0],
		[38, "CN10_2", 330.38, -993.42, "T", "SMD", "CAN_H", "", "R", 23.62, 66.93, 0, 0],
		[39, "CN10_3", 257.56, -861.53, "T", "SMD", "CN10_3", "", "R", 39.37, 110.24, 0, 0],
		[40, "CN10_4", 452.45, -861.53, "T", "SMD", "CN10_4", "", "R", 39.37, 110.24, 0, 0],
		[41, "CN11_1", 1140, -463.43, "T", "DIP", "VCC", "", "C", 125.98, 125.98, 86.61, 180],
		[42, "CN11_1", 1140, -463.43, "B", "DIP", "VCC", "", "C", 125.98, 125.98, 86.61, 180],
		[43, "CN11_2", 1140, -266.57, "T", "DIP", "GND", "GND", "C", 125.98, 125.98, 86.61, 180],
		[44, "CN11_2", 1140, -266.57, "B", "DIP", "GND", "GND", "C", 125.98, 125.98, 86.61, 180],
		[45, "CN12_1", 379.6, -481.61, "T", "SMD", "CAN_L", "", "R", 23.62, 66.93, 0, 0],
		[46, "CN12_2", 330.38, -481.61, "T", "SMD", "CAN_H", "", "R", 23.62, 66.93, 0, 0],
		[47, "CN12_3", 257.56, -349.72, "T", "SMD", "CN12_3", "", "R", 39.37, 110.24, 0, 0],
		[48, "CN12_4", 452.45, -349.72, "T", "SMD", "CN12_4", "", "R", 39.37, 110.24, 0, 0],
		[49, "SCREW1_1", 708.66, -551.18, "T", "DIP", "SCREW1_1", "", "C", 78.74, 78.74, 78.74, 0],
		[50, "SCREW1_1", 708.66, -551.18, "B", "DIP", "SCREW1_1", "", "C", 78.74, 78.74, 78.74, 0],
		[51, "SCREW2_1", 708.66, -944.88, "T", "DIP", "SCREW2_1", "", "C", 78.74, 78.74, 78.74, 0],
		[52, "SCREW2_1", 708.66, -944.88, "B", "DIP", "SCREW2_1", "", "C", 78.74, 78.74, 78.74, 0]
	]
}
}